ID,Title,Abstract,Text,Topic type,Categories,Author,Date added,Version date,Note
1,Verbrauchsdatum einhalten,,Frisches Fleisch ist immer mit einem Verbrauchsdatum versehen. Anders als ein Mindesthaltbarkeitsdatum müssen diese Produkte bis zu diesem Verbrauchsdatum verarbeitet sein.,refrigerator_storage,Fresh meats,Micha Gattinger,2020-08-05,2020-08-22,
2,Verdorbenes Fleisch erkennen,,"##  Farbe

Der Farbton von frischem Fleisch ist rötlich. Verfärbt sich frisches Fleisch gräulich, kann eine chemische Reaktion stattgefunden haben, welche sich nicht auf Geschmack oder Frische der Ware auswirkt. Das Protein Myoblobin ist ein in der Muskulatur vorhandener, als Sauerstoffspeicher dienender roter Farbstoff. Fehlt Sauerstoff, oxidiert dieser zu Metmyoglobin, das im Fleisch enthaltene Eisen verfärbt sich. Kommen diese Stellen mit Sauerstoff in Verbindung, geht diese Verfärbung innerhalb von einigen Minuten merklich zurück (1,3).

Bei vielen Fleischprodukten wird durch Zusatzstoffe oder mit durch Spezialgas gefüllte Schutzverpackungen (High O2-MAP) die natürliche Rötung erhöht und verlängert. Hier ist die Färbung künstlich und sagt nichts über die Frische aus. Färbt sich Fleisch grau, ist das ein Zeichen dafür, dass keine Zusatzstoffe verwendet worden sind (2). 

Bei tiefgefrorenem, rohem Fleisch kann es zu weißen Stellen am Fleisch kommen (Gefrierbrand). Die Textur ähnelt einem trockenem Schwamm und wird durch die Verdunstung von Wasser im Gewebe verursacht. Gefrierbrand ist unbedenklich für die Gesundheit.

## Austretende Flüssigkeit

Um das Verkaufsgewicht zu erhöhen wird oft Wasser in das Fleisch gespritzt. Tritt roter Saft aus dem Fleisch aus, ist das kein Blut sondern Wasser vermischt mit dem Protein Myoglobin. 

## Geruch

Frisches Fleisch ist geruchslos. Muffiger, süßlicher oder derb säuerlicher Geruch sind sichere Anzeichen von verdorbenem rohen Fleisch.",assessment,Fresh meats,Micha Gattinger,2020-08-05,2020-08-22,
3,Verdorbenen Fisch erkennen,,"## Optische Merkmale

* *Augen.* Frischer Fisch hat helle, klare, leicht vorgewölbte Augen mit dunklen Pupillen. Verfärbte, eingesunkene Augen sind klare Anzeichen für schlechten Fisch. 

* *Fleisch.* In der Regel hat das Fleisch eine hellrosa oder weiße Farbe mit einem klaren Flüssigkeitsfilm. Fängt der Fisch an zu verderben bekommt das Fleisch eine milchige Farbe mit zum Teil grau-blauen Verfärbungen

* *Haut.* Frische Fischhaut ist mit einer klaren Schleimschicht überzogen. Milchiger Schleim ist ein Indiz für schlechten Fisch.

* *Kiemen.* Diese glänzen, sind innen hellrot und liegen bei einem frischen Fisch fest an. Schleim in den Kiemenblättchen und  gelb- braune Verfärbungen sind Anzeichen von Verfall.

## Geruch

Frischer Fisch riecht je nach Art nach See, Meer oder Bach, nie fischig. Je mehr der Fisch fischig riecht, umso älter und ungenießbarer ist er.",assessment,Raw fishes,Micha Gattinger,2020-08-05,2020-08-22,
4,Das Alter beurteilen,,"Legefrische Eier erlangen nach drei Tagen für 14 Tage ihr volles Aroma. Danach verändert sich langsam die Konsistenz. Ein unsichtbarer Mantel auf der Schale und Enzyme im Eiklar sorgt für einen natürlichen Selbstschutz gegen die Vermehrung von Keimen. Dieser Schutz mag keine extremen Temperaturschwankungen, Sonne und Feuchtigkeit. 

Hier gibt es drei einfache Tests um die Frische von Eier zu bestimmen:

. *Schwimmtest.* Mit der Zeit sammelt sich Luft im Inneren eines Eies. In einem frischen Ei ist noch keine Luft eingedrungen. So sinkt es im kalten Wasser immer auf den Boden. 2-3 Wochen alte Eier stellen sich teilweise auf oder schwimmen schon im Wasser. Schwimmen Eier unter der Wasseroberfläche, ist das MHD von 28 Tagen erreicht. 

. *Schütteltest.* Mit der Zeit wird das Eiklar dünnflüssiger. Dies verursacht dem Schütteln glucksende Geräusche.

. *Aufschlagtest.* Frische Eier haben ein hochgewölbtes Dotter. Das Eiklar ist am Dotter geleeartig mit dünnerem herum, Dotter und Eiklar sind klar getrennt. Mit dem Alter flacht das Dotter ab und verliert an Farbe. Das Eiklar wird dünnflüssiger und vermischt sich mit dem Dotter.

https://rp.baden-wuerttemberg.de/Themen/Lebensmittel/Seiten/Eiertest.aspx[Quelle]",assessment,Raw egg,Micha Gattinger,2020-08-05,2020-08-25,
5,Überalterte Eier verwenden,,"Das Mindesthaltbarkeitsdaym für rohe Eiern beträgt 28 Tage ab Legedatum.

Sofern überalterte Eier geruchsfrei und optisch noch in Ordnung sind, können diese noch zum Backen genommen werden. Die hohe Backtemperatur und Backdauer tötet Keime und Salmonellen sicher ab. (S. 1.3)

https://rp.baden-wuerttemberg.de/Themen/Lebensmittel/Seiten/Eiertest.aspx[Quelle]",post_spoilage,Raw egg,Micha Gattinger,2020-08-05,2020-08-22,
6,Einfrieren,,"Rohe Eier lassen sich nicht mit Schale einfrieren. Ein rohes Ei enthält viel Wasser. Beim Einfrieren dehnt sich dieses aus und sorgt für ein Aufplatzen der Schale.

Eigelb und Eiweiß aufgeschlagener roher Eier können aber in Behältern ohne weiteres eingefroren werden.",preservation,Raw egg,Micha Gattinger,2020-08-05,2020-08-22,
7,Kochen,,"Für eine lange Haltbarkeit müssen Eier in kochendem Wasser 10-12 Minuten hart gekocht werden. Die Eierschale nicht beschädigen, nur unbeschädigte Schalen gewährleisten einen Schutz vor Keime von Außen. Die gekochten Eier nicht abschrecken, denn hierbei bilden sich kleinste Spannungsrisse in der Schale welche das Eindringen von Keimen und Salmonellen begünstigen. So gekochte Eier können bis zu einem Monat bei Zimmertemperatur gelagert werden.

https://www.fitforfun.de/wissen/wie-lange-sind-gekochte-eier-haltbar-254273.html[Quelle]",preservation,Boiled eggs,Micha Gattinger,2020-08-05,2020-08-22,
8,Schwefelgeruch,,"Verdorbene gekochte Eier entwickeln einen unangenehmen Schwefelgeruch.

https://www.fitforfun.de/wissen/wie-lange-sind-gekochte-eier-haltbar-254273.html[Quelle]",assessment,Boiled eggs,Micha Gattinger,2020-08-05,2020-08-22,
9,Verfärbung des Dotters,,"Durchgekochte Eier bilden einen ungefährlichen blau-grünen Ring um das Dotter. Hier reagiert Eisen aus dem Dotter mit Schwefelwasserstoff aus dem Eiklar zu Schwefelsulfid.

https://www.fitforfun.de/wissen/wie-lange-sind-gekochte-eier-haltbar-254273.html[Quelle]",symptoms,Boiled eggs,Micha Gattinger,2020-08-05,2020-08-22,
10,Nicht zum Einfrieren geeignet,,Ganze gekochte Eier sind zum Einfrieren nicht geeignet da sich das Eiweiß verändert. Hartgekochte Eidotter lassen sich in einer luftdichten Verpackung gut einfrieren,freezer_storage,Boiled eggs,Micha Gattinger,2020-08-05,2020-08-22,
11,Frischen Kaviar erkennen,,"Frischer Kaviar klebt beim Öffnen nicht am Deckel und perlt locker. Er riecht nach Salzwasser und hat keinen Eigengeruch.

https://www.kaviar.de/faq[Quelle]",assessment,Caviars,Micha Gattinger,2020-08-05,2020-08-22,
12,,,"Der erhöhte Salzgehalt ermöglicht eine Lagertemperatur um + 2 Grad. Nach dem Öffnen der vakuumierten Verpackung ist die Haltbarkeit max. 3 Tage (gekühlt)

https://www.kaviar.de/faq[Quelle]",refrigerator_storage,Caviars,Micha Gattinger,2020-08-05,2020-08-22,
13,Nicht zum Einfrieren geeignet,,Kaviar kann nicht eingefroren werden da der Rogen beim Auftauen platzt.,freezer_storage,Caviars,Micha Gattinger,2020-08-05,2020-08-22,
14,Auch bei langer Lagerdauer unproblematisch,,"Dieses Lebensmittel gehört zur Gruppe der Lebensmittel, für die seit Dezember 2014 EU-weit keine Mindesthaltbarkeitsdaten mehr angegeben werden müssen, da sie auch bei langer Lagerungsdauer nicht verderben. Insgesamt gilt dies für folgende Lebensmittel:

* Wein, Likörwein, Schaumwein, aromatisiertem Wein und ähnlichen Erzeugnissen aus anderen Früchten als Weintrauben sowie aus Weintrauben oder Traubenmost gewonnenen Getränken des KN-Codes 2206 00
* Getränke mit einem Alkoholgehalt von 10 oder mehr Volumenprozent
* Essig
* Speisesalz
* Zucker in fester Form
* Zuckerwaren, die fast nur aus Zuckerarten mit Aromastoffen und/oder Farbstoffen bestehen
* Kaugummi und ähnlichen Erzeugnissen zum Kauen

https://www.sueddeutsche.de/wirtschaft/a-1.1967988[Quelle]",pantry_storage,"Wines
Fortified wines
Sparkling wines
Distilled beverages
Vinegars
Table salts
Granulated sugars
Powdered sugars
Chewing gum",Micha Gattinger,2020-08-05,2020-08-22,
15,Auch bei langer Lagerdauer meist unproblematisch,,"Dieses Lebensmittel gehört zu denjenigen, für die die Europäische Union überlegt hat, das Mindesthaltbarkeitsdatum abzuschaffen, sich dann aber doch dagegen entschieden hat. Trotzdem sind diese Lebensmittel auch bei langer Lagerdauer meist unproblematisch.

Insgesamt gehörten zu dieser Gruppe von Lebensmitteln: Nudeln aus Hartweizengries ohne Ei; Tee; Reis; Kaffee; Hartkäse.

https://www.sueddeutsche.de/wirtschaft/a-1.1967988[Quelle]",pantry_storage,"Durum wheat pasta
Teas
Rices
Coffees",Micha Gattinger,2020-08-05,2020-08-22,"Category “hard cheeses” missing. There is no such category in the OFF taxonomy, but we might enumerate the different hard cheeses."
16,Zwiebeln werden weich und faulig,,"Wenn Zwiebeln verderben, so fangen sie von innen an, weich zu werden und zu verfaulen.",assessment,Onions,Micha Gattinger,2020-08-05,2020-08-22,
17,Dunkel und trocken lagern,,"Zwiebeln können lange gelagert werden und sind recht anspruchslos. Die optimalen Lagerbedingungen für Zwiebeln sind ein dunkler und trockener Ort. Denn Helligkeit und Feuchtigkeit beschleunigen den Keimprozess; das heißt, aus der Zwiebel wachsen dann Triebe.",pantry_storage,Onions,Micha Gattinger,2020-08-05,2020-08-22,
18,"Verfault, gekeimt oder grün",,"Wenn Kartoffeln verderben, zeigen sie eine oder mehrere der folgenden optischen Veränderungen: ausgeprägtes Keimen; Grünverfärbung; oder Verfaulen.",assessment,Potatoes,Micha Gattinger,2020-08-05,2020-08-22,
19,"Kühl, trocken und dunkel lagern",,"Optimale Lagerung:

* optimale Lagertemperatur 4-6 Grad, jedoch nicht im Kühlschrank
* trocken und dunkel
* mit z.B. Papier luftdicht abdecken
* nicht mit Äpfel und Birnen zusammen lagern, denn diese geben das Reifungsgas Ethylen ab

Lagerfähigkeit: lange und anspruchslos",other_storage,Potatoes,Micha Gattinger,2020-08-05,2020-08-22,
20,Solaninvergiftung,,"Grüne Stellen enthalten viel Solanin. Die Gefahr einer Solaninvergiftung ist heute durch die modernen Zuchtarten praktisch verschwunden, kann aber einige unangenehme Erscheinungen auslösen. Solanin ist hitzebeständig und fettunlöslich. Durch abschneiden der grün verfärbten Stellen und der Keime verringert sich der Solaninanteil (23).",risks,Potatoes,Micha Gattinger,2020-08-05,2020-08-22,
21,Kartoffelsaft,,"Frisch aus rohen Kartoffeln gepresster Saft enthält viele Nährstoffe wie Kalium, ist ein sehr gutes Hausmittel gegen Sodbrennen (21) und ein gutes Mittel für die Hautpflege. Gepresster Kartoffelsaft in einer gut gefüllten,  luftdicht verschlossener Flasche hält sich im Kühlschrank ein paar Monate.

https://de.wikihow.com/Eine-Kartoffel-entsaften[Quelle]",preservation,Potatoes,Micha Gattinger,2020-08-05,2020-08-22,
22,Optische Veränderungen,,"Wenn eine Ananas verdirbt, wird sie weich und verfault.",assessment,Fresh pineapple,Micha Gattinger,2020-08-05,2020-08-22,
23,,,Ananas ist zur Aufbewahrung im Kühlschrank nicht geeignet.,refrigerator_storage,Fresh pineapple,Micha Gattinger,2020-08-05,2020-08-22,
24,Optimale Lagerbedingungen,,"Ananas ist nur kurz lagerfähig. Die optimalen Lagerbedingungen sind:

* auf Papierschnippseln oder Sägespänen
* bei Raumtemperatur
* Eine Prise Salz auf der Ananas verteilt senkt den Säureanteil und verlängert die Haltbarkeit.",pantry_storage,Fresh pineapple,Micha Gattinger,2020-08-05,2020-08-22,
25,Optische Veränderungen,,"Wenn ein Apfel altert, zeigen sich folgende optischen Veränderungen:

* Druckstellen
* braune Stellen
* schrumpelig
* faulige Stellen",assessment,Fresh apples,Micha Gattinger,2020-08-05,2020-08-22,
26,Optimale Lagerbedingungen,,"Äpfel sind lange und anspruchslos lagerfähig. Die optimalen Lagerbedingungen im Kühlschrank sind:

* im Gemüsefach
* dunkel und trocken ohne direkten Kontakt zueinander
* in mehrlagiges Zeitungspapier einwickeln
* mit dem Stiel nach unten",refrigerator_storage,Fresh apples,Micha Gattinger,2020-08-05,2020-08-22,
27,Optische Veränderungen,,"Wenn Steinobst oder Beeren verderben, zeigen sich folgende optischen Veränderungen:

* Druckstellen
* weich / matschig
* verfault",assessment,"Fresh apricots
Fresh cherries
Fresh plums
Fresh peaches
Fresh nectarines
Berries",Micha Gattinger,2020-08-05,2020-08-22,
28,Optimale Lagerbedingungen,,"Unter optimalen Bedingungen und je nach Reifegrad können Steinobst und Beeren bis zu einer Woche gelagert werden. Optimale Bedingungen sind:

* die Verkaufsverpackung entfernen
* nebeneinander auf weichem Untergrund lagern
* schattig und luftig lagern
* nach dem Ausreifen bei 2-8 °C im Kühlschrank lagern
* mit Stiel lagern (ohne entweicht Feuchtigkeit und Keime gelangen in die Frucht)
* erst unmittelbar vor dem Verzehr waschen (sonst dringt die Feuchtigkeit in die Frucht)
* Pflaumen, Pfirsiche und Aprikosen nicht mit anderem Obst oder Gemüse lagern da diese das natürliche Reifegas Ethylen absondern",refrigerator_storage,"Fresh apricots
Fresh cherries
Fresh plums
Fresh peaches
Fresh nectarines
Berries",Micha Gattinger,2020-08-05,2020-08-22,
29,Optische Veränderungen,,"Wenn Steinobst oder Beeren verderben, zeigen sich folgende optischen Veränderungen:

* Druckstellen
* matschig
* verfault",assessment,Fresh mushrooms,Micha Gattinger,2020-08-05,2020-08-22,
30,Optimale Lagerbedingungen,,"Unter optimalen Bedingungen können Pilze bis 3 Tage gelagert werden. Optimale Bedingungen sind:

* aus der Verkaufsverpackung nehmen
* bei 2-8 Grad dunkel lagern
* nicht quetschen
* luftig in einer Papiertüte lagern

Hinweis: Pilze reifen nicht nach.

https://www.topagrar.com/landleben/kochen-und-backen/familie-kochen-backen-kuechentipps-wie-man-pilze-richtig-lagert-9385212.html[Quelle]",refrigerator_storage,Fresh mushrooms,Micha Gattinger,2020-08-05,2020-08-22,
31,Optische Veränderungen,,"Wenn Bananen altern, werden sie matschig und schließlich faulig.",assessment,Bananas,Micha Gattinger,2020-08-05,2020-08-22,
32,Optimale Lagerbedingungen,,"Unter optimalen Bedingungen können Bananen je nach Reifegrad bis 10 Tage gelagert werden. Optimale Bedingungen sind:

* Verkaufsverpackung entfernen
* Schatten
* Zimmertemperatur
* braune Farbe ist o.k.
* unreife Banane nicht in den Kühlschrank
* Stiel/ Strunk mit z.B Frischhaltefolie umwickeln
* am Stiel / Strunk aufhängen
* nicht mit anderem Obst / Gemüse lagern da starke Absonderung des natürlichen Reifegases Ethylen

https://www.fritzganz.de/blog/2017/5/30/frischhalte-tricks-fr-bananen[Quelle]",pantry_storage,Bananas,Micha Gattinger,2020-08-05,2020-08-22,
33,Optische Veränderungen,,"Wenn Bananen altern, werden sie matschig oder faulig.",assessment,Fresh pears,Micha Gattinger,2020-08-05,2020-08-22,
34,Optimale Lagerbedingungen,,"Unter optimalen Bedingungen können Birnen je nach Sorte bis zu 2 Monaten gelagert werden. Kommerziell werden Birnen bei um 0 °C und 95% Luftfeuchte gelagert; im Haushalt sind zumindest ähnliche Bedingungen möglich. Gute Tipps dazu sind:

* abgepackt in Plastiktüten ermöglicht eine sauerstoffarme, kohlendioxidreiche Lagerung
* Löcher/ Schlitze in der Tüte ermöglicht den Wasseraustritt ( es darf sich kein Wasser innen an den Tüten bilden)
* nicht mit anderem Obst/ Gemüse lagern da starke Absonderung des natürlichen Reifegases Ethylen

https://www.gartenjournal.net/birnen-lagern[Quelle]",other_storage,Fresh pears,Micha Gattinger,2020-08-05,2020-08-22,
35,Optische Veränderungen,,"Wenn frischer Spinat oder Salat verdirbt, so welkt oder verfault er.",assessment,"Fresh spinachs
Lettuces",Micha Gattinger,2020-08-05,2020-08-22,
36,Nur wenige Tage,,"Kann im Kühlschrank gelagert werden, allerdings nur wenige Tage.",refrigerator_storage,"Fresh spinachs
Lettuces",Micha Gattinger,2020-08-05,2020-08-22,
37,Blanchieren,,Frischer Spinat und auch Blattsalate können blanchiert und dann eingefroren werden.,preservation,"Fresh spinachs
Lettuces",Micha Gattinger,2020-08-05,2020-08-22,
38,Optische Veränderungen,,"Wenn frische Bohnen oder Erbsen altern und verderben, so verfaulen sie.",assessment,"Fresh green beans
Peas",Micha Gattinger,2020-08-05,2020-08-22,"Add category “Fresh peas”, once available in Open Food Facts."
39,Optimale Lagerbedingungen,,"Selbst unter optimalen Bedingungen sind frische Erbsen und Bohnen nur wenige Tage lagerfähig. Optimale Bedingungen sind:

* aus Verkaufsverpackung entfernen
* roh lagern, nicht kochen
* in ein feuchtes Tuch einschlagen
* grob säubern aber nicht waschen
* 8 °C Lagertemeratur im Kühlschrank

https://www.gartenjournal.net/gruene-bohnen-lagern[Quelle]",refrigerator_storage,"Fresh green beans
Peas",Micha Gattinger,2020-08-05,2020-08-22,"Add category “Fresh peas”, once available in Open Food Facts."
40,Optische Veränderungen,,"Wenn Erdbeeren verderben, so werden sie matschig und verfaulen. Auch Schimmelbefall ist möglich.",assessment,Fresh strawberries,Micha Gattinger,2020-08-05,2020-08-22,
41,2-7 Tage im Kühlschrank,,"Unter optimalen Bedingungen sind Erdbeeren 2-7 Tage lagerfähig. Optimale Bedingungen sind:

* atmungsaktive Verpackung aus z.B. Pappe / Holzspan
* erst unmittelbar vor dem Verzehr waschen
* dunkel bei 8 Grad
* mit Teller oder Schüssel abdecken
* nicht quetschen",refrigerator_storage,Fresh strawberries,Micha Gattinger,2020-08-05,2020-08-22,
42,Nicht zum Einfrieren geeignet,,Erdbeeren eignen sich nicht zum Einfrieren aufgrund ihres hohen Wassergehalts. Sie werden beim Auftauen matschig.,freezer_storage,Fresh strawberries,Micha Gattinger,2020-08-05,2020-08-22,
43,Optische Veränderungen,,"Wenn frischer Fenchel und frischer Kohlrabi altern und verderben, so werden sie runzelig und verfaulen.",assessment,"Fennel bulbs
Raw cabbage turnips",Micha Gattinger,2020-08-05,2020-08-22,"Add category “Raw Kohlrabi”, once available in Open Food Facts. Currently only “Boiled kohlrabi” is available."
44,Optimale Lagerbedingungen,,"Unter optimalen Bedingungen kann Kohlrabi bis zu 2 Wochen gelagert werden. Optimale Bedingungen sind:

* in feuchtes Tuch einwickeln
* dunkel und trocken
* 8 °C Lagertemperatur",other_storage,"Fennel bulbs
Raw cabbage turnips",Micha Gattinger,2020-08-05,2020-08-22,"Add category “Raw Kohlrabi”, once available in Open Food Facts. Currently only “Boiled kohlrabi” is available."
45,Optische Veränderungen,,"Bei Alterung und Verderb zeigen sich folgende Veränderungen:

* wird weich, welk und runzelig
* fleckig und gelb (z.B. durch Kälte)
* verfault",assessment,"Fresh cucumbers
Sweet peppers
Fresh zucchini
Fresh aubergines",Micha Gattinger,2020-08-05,2020-08-22,
46,Optimale Lagerbedingungen,,"Können unter optimalen Bedingungen bis zu 2 Wochen gelagert werden, je nach Reifegrad:

* Temperatur 8 - 15 °C
* schattig und luftig
* auf weichem, trockenem Untergrund
* nebeneinander in z.B. einem geflochtenem Korb",pantry_storage,"Fresh cucumbers
Sweet peppers
Fresh zucchini
Fresh aubergines",Micha Gattinger,2020-08-05,2020-08-22,
47,Nicht zum Einfrieren geeignet,,Eignen sich aufgrund des hohen Wasseranteils nicht zum Einfrieren (werden beim Auftauen matschig).,freezer_storage,"Fresh cucumbers
Sweet peppers
Fresh zucchini
Fresh aubergines",Micha Gattinger,2020-08-05,2020-08-22,
48,Optische Veränderungen,,"Bei Alterung und Verderb zeigen sich folgende Veränderungen:

* wird weich
* wird runzelig
* verfault",assessment,Fresh kiwifruits,Micha Gattinger,2020-08-05,2020-08-22,
49,Optimale Lagerung,,"Kiwis können bei opimalen Bedingungen ca. 10 Wochen gelagert werden:

* 8-10 °C
* dunkel
* einschichtig in z.B. Holzkisten
* regelmäßig schlechte Kiwis aussortieren

https://www.gartentipps.com/kiwis-lagern-so-machen-sie-es-richtig.html[Quelle]",pantry_storage,Fresh kiwifruits,Micha Gattinger,2020-08-05,2020-08-22,
50,Veränderungen bei Alterung,,"Wenn frische Knoblauchzehen altern und verderben, zeigen sich folgende Veränderungen:

* Sprossenbildung
* werden weich
* verfaulen",assessment,Garlic,Micha Gattinger,2020-08-05,2020-08-22,
51,Optimale Lagerbedingungen,,"Knoblauchzehen sind anspruchslos. Unter optimalen Bedingungen können sie bis zu 12 Monaten gelagert werden:

* trocken und lichtgeschützt
* 15 - 20 °C
* in einem Netz
* nicht zusammen mit Obst lagern

https://de.wikihow.com/Frischen-Knoblauch-lagern[Quelle]",pantry_storage,Garlic,Micha Gattinger,2020-08-05,2020-08-22,
52,Optische Veränderungen,,"Wenn Kohl altert und verdirbt, zeigen sich folgende Veränderungen:

* Verfärbungen an den Rosen und Blättern
* wird weich
* Blätter werden locker
* verfault",assessment,Fresh cabbages,Micha Gattinger,2020-08-05,2020-08-22,
53,Optimale Lagerung,,"Kohl ist anspruchslos und kann lange gelagert werden. Optimale Bedingungen sind:

* möglichst natürlich kühl und dunkel, z.B. Keller / Schuppen etc.
* äußere Blätter dienen als Schutz vor Austrocknung
* kopfüber hängend lagern (so kann sich kein Wasser sammeln, Schimmel wird unterbunden)
* alternativ auf trockenem Laub lagern

https://www.emsa.com/blog/wanted-der-ideale-ort-zum-kohl-lagern-so-bleibt-er-laenger-frisch/[Quelle]",pantry_storage,Fresh cabbages,Micha Gattinger,2020-08-05,2020-08-22,
54,Veränderungen bei Alterung,,"Wenn Kürbis altert und verdirbt, zeigen sich folgende Veränderungen:

* wird weich / matschig
* verfault",assessment,Fresh pumpkins,Micha Gattinger,2020-08-05,2020-08-22,
55,Optimale Lagerung,,"Kürbis kann unter optimalen Bedingungen bis zu 12 Monaten gelagert werden.

. Nachreifen bei ca. 20 Grad auf einer trockenen Unterlage, dabei regelmäßig wenden, bis:
** eine intensive orange-rote Farbe vorhanden ist
** der Stiel verholzt/ eingetrocknet ist
** kein Einritzen der Schale durch z.B. den Fingernagel möglich ist
** hohler Klang beim Klopfen entsteht

. Einlagern:
** bei 12-15 Grad
** luftiger, dunkler und trockener Ort
** Druckstellen vermeiden (Netz); bei Lagerung in einer Holzkiste regelmäßig wenden

https://www.plantura.garden/leserfragen-2/gemuese/kuerbis-ernten-und-lagern-tipps-zu-erntezeit-haltbarmachen[Quelle]",pantry_storage,Fresh pumpkins,Micha Gattinger,2020-08-05,2020-08-22,
56,Veränderungen bei Alterung,,"Wenn frischer Lauch altert und verdirbt, zeigen sich folgende Veränderungen:

* wird weich
* bekommt Flecken
* verfault",assessment,Leeks,Micha Gattinger,2020-08-05,2020-08-22,"Add category “Fresh leeks”, once available in Open Food Facts."
57,Optimale Lagerung,,"Unter optimalen Bedingungen ist frischer Lauch ca. 4 Wochen lagerfähig:

* kühl, dunkel und trocken bei 8-10 °C
* aufhängen
* nicht zusammen mit aromaempfindlichen Nahrungsmittel lagern",pantry_storage,Leeks,Micha Gattinger,2020-08-05,2020-08-22,"Add category “Fresh leeks”, once available in Open Food Facts."
58,Veränderungen bei Alterung,,"* werden weich
* verfaulen",assessment,"Fresh mangoes
Avocados",Micha Gattinger,2020-08-05,2020-08-22,"Add category “Fresh avocados”, once available in Open Food Facts."
59,Optimale Lagerung,,"Unter optimalen Bedingungen ca. 7-10 Tage lagerfähig:

* bei Zimmertemperatur
* direkte Sonnenstrahlung vermeiden",pantry_storage,"Fresh mangoes
Avocados",Micha Gattinger,2020-08-05,2020-08-22,"Add category “Fresh avocados”, once available in Open Food Facts."
60,Veränderungen bei Alterung,,"* verfaulen
* beschädigte Rübe verliert schnell ihren Saft
* verfault
* bei Temperaturen über 5 Grad beginnt die Rübe auszutreiben
* durch Frost bekommt die Rübe schwarze Flecken",assessment,"Fresh beet
Raw parsnip
Raw black salsify
Raw celeriac",Micha Gattinger,2020-08-05,2020-08-22,
61,Bis 2 Wochen im Kühlschrank,,"Im Kühlschrank oder einem anderen Ort mit 8-10 °C ist dieses Nahrungsmittel bis zu 2 Wochen lagerfähig. Dazu die Rübe nicht waschen und in einem feuchten Tuch einschlagen.

https://www.mein-schoener-garten.de/gartenpraxis/nutzgaerten/rote-bete-ernten-und-haltbar-machen-38478[Quelle]",refrigerator_storage,"Fresh beet
Raw parsnip
Raw black salsify
Raw celeriac",Micha Gattinger,2020-08-05,2020-08-22,
62,Mehrere Monate im Rübenkeller,,"Unter optimalen Bedingungen können Rüben mehrere Monate gelagert werden:

* nicht waschen
* auf Sand in einer Kiste lagern
* 3-4 °C und relativ hohe Luftfeuchtigkeit

https://www.mein-schoener-garten.de/gartenpraxis/nutzgaerten/rote-bete-ernten-und-haltbar-machen-38478",other_storage,"Fresh beet
Raw parsnip
Raw black salsify
Raw celeriac",Micha Gattinger,2020-08-05,2020-08-22,
63,Veränderungen bei Alterung,,"* wird weich
* verfault",assessment,"Fresh muskmelons
Watermelons",Micha Gattinger,2020-08-05,2020-08-22,"Replace category “Watermelons” with “Fresh watermelons”, once available in Open Food Facts."
64,Optimale Lagerbedingungen,,"Unter optimalen Bedingungen können Melonen 2-3 Wochen gelagert werden:

* 8 - 10 °C
* direkte Sonneneinstrahlung vermeiden
* angeschnittene Stellen mit z.B. einer Frischhaltefolie abdecken",refrigerator_storage,"Fresh muskmelons
Watermelons",Micha Gattinger,2020-08-05,2020-08-22,"Replace category “Watermelons” with “Fresh watermelons”, once available in Open Food Facts."
65,Melonensaft einfrieren,,"Melonen können zu Saft verarbeitet werden, der gut eingefroren werden kann. Rezepte für Melonensaft gibt es zum Bespiel https://de.wikihow.com/Wassermelonensaft-pressen[hier].",preservation,"Fresh muskmelons
Watermelons",Micha Gattinger,2020-08-05,2020-08-22,"Replace category “Watermelons” with “Fresh watermelons”, once available in Open Food Facts."
66,Veränderungen bei Alterung,,"Bei Alterung und Verderb zeigen sich folgende Veränderungen:

* werden weich
* werden schrumpelig
* verfaulen",assessment,"Fresh carrots
Fresh Asparagus",Micha Gattinger,2020-08-05,2020-08-22,
67,Optimale Lagerbedingungen,,"Können unter optimalen Bedingungen 10 - 14 Tage gelagert werden:

* Kaufverpackung vollständig entfernen
* das Grün entfernen
* in ein feuchtes Tuch einwickeln
* bei 8 - 10 °C dunkel lagern, zu, Beispiel im Kühlschrank",refrigerator_storage,"Fresh carrots
Fresh Asparagus",Micha Gattinger,2020-08-05,2020-08-22,
68,Veränderungen bei Alterung,,"* wird runzelig
* verfault
* wird weich",assessment,"Fresh mandarin oranges
Grapefruits
Fresh oranges",Micha Gattinger,2020-08-05,2020-08-22,"Replace category “Grapefruits” with “Fresh grapefruits”, once available in Open Food Facts."
69,Optimale Lagerbedingungen,,"Können unter optimalen Bedingungen 2 - 4 Wochen gelagert werden:

* Lagertemeratur bei ca 10 - 18 °C
* direktes Sonnenlicht vermeiden
* trockener, luftiger Ort
* einzeln nebeneinander in z.B. einem geflochtenem Korb lagern
* nicht mit anderem Obst/ Gemüse lagern da starke Absonderung des natürlichen Reifegases Ethylen",pantry_storage,"Fresh mandarin oranges
Grapefruits
Fresh oranges",Micha Gattinger,2020-08-05,2020-08-22,
70,Veränderungen bei Alterung,,"* wird weich / matschig
* verfault",assessment,Fresh tomatoes,Micha Gattinger,2020-08-05,2020-08-22,
71,Optimale Lagerbedingungen,,"Unter optimalen Bedingungen können Tomaten je nach Reifegrad bis zu 2 Wochen gelagert werden:

* Tomaten mit Grün reifen nach, ohne nicht.
* nicht mit anderem Obst/ Gemüse lagern da starke Absonderung des natürlichen Reifegases Ethylen
* unmittelbar vor dem Verzehr waschen
* Temperatur 12-16 °C
* schattig
* luftig und hohe Luftfeuchtigkeit
* einzeln nebeneinander auf weichem Untergrund lagern

https://www.tomaten.de/tomaten-richtig-lagern/[Quelle]",pantry_storage,Fresh tomatoes,Micha Gattinger,2020-08-05,2020-08-22,
72,Bröckeliges Brot,,"Wenn frisches Brot oder Brötchen anfangen, bröckelig zu werden, so ist das ein Zeichen Zeichen für harmlose Umwandlungsprozesse (Wasser / Stärke / Protein).",symptoms,Breads,Micha Gattinger,2020-08-05,2020-08-22,
73,Riechen und Sehen,,". *An der Milch riechen.* Frische Milch hat keinen Eigengeruch. Verdorbene Milch riecht säuerlich bis streng.

. *Auf optische Veränderung untersuchen.*
** Wenn Milch schlecht wird entstehen Gase, welche die Verpackung aufblähen.
** Bilden sich in der Milch Klumpen oder Wasser, hat der Zersetzungsprozess begonnen
** Milch ist immer gleichmäßig weiß. Schimmert die Milch gelblich, so ist sie verdorben

https://de.wikihow.com/Erkennen-ob-Milch-schlecht-ist[Quelle]",assessment,"UHT Milks
Condensed milks",Micha Gattinger,2020-08-05,2020-08-26,
74,Haltbarkeit von Pflanzenmilch,,"Vor allem Hafer-, Mandel- oder Reismilch sind relativ wässrig was die Haltbarkeit unterstützt. Sojamilch hält sich aufgrund des erhöhten Eiweißanteiles weniger lange.",refrigerator_storage,Plant milks,Micha Gattinger,2020-08-05,2020-08-22,
75,Riechen und Sehen,,". *Riechen.* Frische Pflanzenmilch hat keinen Eigengeruch. Verdorbene Pflanzenmilch riecht muffig bis säuerlich.

. *Beobachten.*
** Wenn die Konsistenz nicht mehr wässrig sondern schmierig ist, ist die Pflanzenmilch verdorben.
** Bilden sich erste Klümpchen in der Pflanzenmilch, ist diese schlecht.
** Hat sich Schimmel gebildet, wegschütten.

https://www.vital.de/news/artikel/verdorbene-pflanzenmilch-erkennen[Quelle]",assessment,Plant milks,Micha Gattinger,2020-08-05,2020-08-22,
76,Lagerdauer,,"Reine („dunkle“) Schokolade ohne Füllungen bleibt sehr lange verzehrfähig, auch über das Mindesthaltbarkeitsdatum typischer Supermarktprodukte hinaus. Deshalb wird Schokolade auch z.B. in den sogenannten Einmannpackungen vieler Streitkräfte verwendet, dann mit einer angegebenen Haltbarkeit von 3 bis 10 Jahren (https://de.wikipedia.org/wiki/Einmannpackung#Die_einzelnen_Pakete[Beispiel]).",pantry_storage,Dark chocolates,Micha Gattinger,2020-08-05,2020-08-26,
77,Fett- und Zuckerreif,,"Bildet sich auf der Schokolade ein weißlich bis hellgrauer Belag, so hat sich Fett oder Zucker kristallisiert und bildet den Fett- bzw. Zuckerreif. Dieser ist gesundheitlich absolut unbedenklich und mindert auch nicht den Geschmack.

https://de.wikipedia.org/wiki/Reif_(Schokolade)[Quelle]",symptoms,Chocolates,Micha Gattinger,2020-08-05,2020-08-22,
78,Nicht für Kleinkinder,,Honig nicht Kleinkindern unter einem Jahr geben (https://www.laves.niedersachsen.de/startseite/lebensmittel/lebensmittelgruppen/honig/bienenhonig-nicht-fuer-kleinkinder-unter-einem-jahr-74002.html[Details]).,risks,Honeys,Micha Gattinger,2020-08-05,2020-08-22,
79,Typen und Lagerdauer,,"Die Lagerdauer einer Konserve hängt von ihrem Typ ab:

. *Halbkonserven (Kesselkonserven)* werden durch Pasteurisieren (siehe 4.2.1) auf 65-95 °C (F-Wert 0,4-0,7) Kerntemperatur erhitzt. Hierdurch werden die meisten pathogenen, nicht aber sämtliche lebende Keime abgetötet. Daher sind diese bei 4 - 5 °C rund 6 Monate haltbar. 

. *Dreiviertelkonserven* werden durch Pasteurisieren (siehe 4.2.1) auf rund 100 °C (F-Wert 0.8-1,5) Kerntemperatur erhitzt. Lagerdauer 6-12 Monate bei 7-10 Grad (27, 28).

. *Vollkonserven* werden durch Dampfsterilisation (siehe 4.2.2) mit mind. 117 °C und max. 131 °C (F- Wert 5,0-6,0) Kerntemperatur erhitzt (27, 28). Diese Konservierung ist bei max. 25 °C Lagertemperatur theoretisch nahezu unbegrenzt haltbar (26).

. *Tropenkonserven* werden durch Dampfsterilisation (siehe 4.2.2) auf 132 - 135 °C ( F-Wert 16,0-20,0) erhitzt. Sie sind bei max. 40 °C theoretisch nahezu unbegrenzt haltbar.",pantry_storage,Canned foods,Micha Gattinger,2020-08-05,2020-08-22,
80,Lagerung nur im Kühlschrank,,"Dies ist ein kalt gepresstes Öl mit einem hohen Anteil an mehrfach ungesättigten Fettsäuren. Solche Öle müssen im Kühlschrank gelagert werden.

https://de.wikipedia.org/wiki/Speisefette_und_Speise%C3%B6le[Quelle]",refrigerator_storage,"Linseed oils
Walnut oils
Safflower oils
Soybean oils",Micha Gattinger,2020-08-05,2020-08-22,Add category “Cotton seed oils” once available in Open Food Facts.
81,Richtige Lagerung,,"Für dieses Öl und andere Öle mit einem mittleren Anteil an mehrfach ungesättigten Fettsäuren wird eine Lagerung bei 20 °C empfohlen. Lagerung im Kühlschrank ist nicht notwendig.

https://de.wikipedia.org/wiki/Speisefette_und_Speise%C3%B6le[Quelle]",pantry_storage,"Rapeseed oils
Olive oils
Peanut oils",Micha Gattinger,2020-08-05,2020-08-22,
82,Nicht zum Braten verwenden,,"Dieses Öl hat einen mittleren oder hohen Anteil an mehrfach ungesättigten Fettsäuren. Solche Öle haben einen geringen Rauchpunkt und bilden daher bei hohen Temperaturen krebserregende Stoffe. Sie sollten daher nicht zum Braten oder Backen verwendet werden, wo sie solchen Temperaturen ausgesetzt sein könnten.

Anders liegt der Fall, wenn dieses Öl bei der Herstellung raffiniert wurde. Raffinierte Öle werden bei fast immer weit über 100 Grad gepresst und verlieren dabei fast alle mehrfach gesättigten Fettsäuen. Dafür erhöht sich der Rauchpunkt (wichtig für das Braten und Backen). Außerdem erhöht sich die Haltbarkeit.

https://de.wikipedia.org/wiki/Speisefette_und_Speise%C3%B6le[Quelle]",risks,"Linseed oils
Walnut oils
Safflower oils
Soybean oils
Rapeseed oils
Olive oils
Peanut oils",Micha Gattinger,2020-08-05,2020-08-22,Add category “Cotton seed oils” once available in Open Food Facts.
83,Richtige Lagerung,,"Dies gehört zu der Gruppe der Öle, Schmalze, Talge und Fette mit wenig oder sehr wenig mehrfach ungesättigten Fettsäuren. Das sollte bedeuten, dass eine Lagerung bei ca. 20 °C möglich ist und kein Kühlschrank benötigt wird, wenn auf der Packung nicht anders angegeben.

https://de.wikipedia.org/wiki/Speisefette_und_Speise%C3%B6le[Quelle]",pantry_storage,"Lards
Palm oils
Butter oil or concentrated butter
Coconut oils",Micha Gattinger,2020-08-05,2020-08-22,
84,Unbedenklich,,"Dieses Lebensmittel ist unbedenklich für einige Jahre haltbar.

https://www.br.de/radio/bayern1/mindesthaltbarkeitsdatum-verbrauchsdatum-unterschied-102.html[Quelle]",pantry_storage,"Ground dried aromatic plants
Lyophilized aromatic plants
Cocoa powders
Baking powder or raising agent
Vanilla powder
Vanilla sugars",Micha Gattinger,2020-08-05,2020-08-22,Add the English categories corresponding to German “Orangeat” and “Zitronat” once available in Open Food Facts.
85,Vor Gebrauch überprüfen,,"Nach dem Ablauf des Mindesthaltbarkeitsdatums sollten ganze Vanilleschoten vor dem Gebrauch überprüft werden. Es besteht die Gefahr von Schimmelbefall.

https://www.br.de/radio/bayern1/mindesthaltbarkeitsdatum-verbrauchsdatum-unterschied-102.html[Quelle]",pantry_storage,Vanilla pods,Micha Gattinger,2020-08-05,2020-08-22,
86,Vor Gebrauch überprüfen,,"Nach dem Ablauf des Mindesthaltbarkeitsdatums sollten Nüsse vor dem Gebrauch überprüft werden. Es besteht die Gefahr von Ranzigwerden und Schimmelbefall.

https://www.br.de/radio/bayern1/mindesthaltbarkeitsdatum-verbrauchsdatum-unterschied-102.html[Quelle]",pantry_storage,Nuts,Micha Gattinger,2020-08-05,2020-08-22,
87,Vor Gebrauch überprüfen,,"Nach dem Ablauf des Mindesthaltbarkeitsdatums sollten Trockenfrüchte vor dem Gebrauch überprüft werden. Es besteht die Gefahr von Schimmelbefall.

https://www.br.de/radio/bayern1/mindesthaltbarkeitsdatum-verbrauchsdatum-unterschied-102.html[Quelle]",pantry_storage,Dried fruits,Micha Gattinger,2020-08-05,2020-08-22,
88,Ranzigwerden,,"Wenn pflanzliche oder tierische Fette verderben, spricht man von Ranzigwerden. Schon im Anfangsstadium treten dabei schon Geruchs- und Geschmacksveränderungen auf. Rein chemisch betrachtet oxidiert das Fett, ein ähnlicher Vorgang also wie wenn Eisen rostet.

Wie schnell Öl und Fett ranzig wird hängt von der Anzahl an ungesättigten Fettsäuren ab. Während gesättigte Fettsäuren chemisch stabil sind, sind ungesättigte Fettsäuren chemisch sehr instabil. Bei der Oxidation regieren diese mit Sauerstoff. Steigt die Temperatur, beschleunigt sich der Prozess. Die Oxidationsneigung von einfach ungesättigten Fettsäuren liegt dabei ca. um den Faktor 100 höher als bei gesättigten Fettsäuren, bei mehrfach ungesättigten Fettsäuren bis Faktor 2500. 

Raffinierte Öle werden bei fast immer weit über 100 °C gepresst und verlieren dabei fast alle mehrfach gesättigten Fettsäuen. Dadurch erhöht sich auch der Rauchpunkt (wichtig für das Braten und Backen).

Quellen: https://de.wikipedia.org/wiki/Speisefette_und_Speise%C3%B6le[1], https://de.wikipedia.org/wiki/Ranzig_(Fett) [2], https://de.wikipedia.org/wiki/Rauchpunkt[3]",risks,"Fresh meats
Milks
Plant milks
Chocolates
Cheeses
Butters",Micha Gattinger,2020-08-05,2020-08-26,
89,Legionellen,,"Legionellen sind aerobe Bakterien der Familie Legionellaceae, Gattung Legionella. Übertragung über fein zerstäubten Wassernebel (Aerosol) wie z.B. in der Dusche. Ideale Wachstumsbedingungen zwischen 25-45 °C Wassertemperatur. Über 60 °C sterben diese Keime ab.

Das Trinken ist ungefährlich da die Magensäure die Legionellen abtötet. Mögliche Infektion beim Trinken besteht jedoch, wenn Wasser versehentlich in die Luftröhre gelangt. https://www.rki.de/DE/Content/Infekt/EpidBull/Merkblaetter/Ratgeber_Legionellose.html#doc2387614bodyText5[Quelle]

Auch ist eine Infektion denkbar wenn Wasser durch unter Druck stehende Kohlensäure beim Öffnen der Flasche zerstäubt und dann eingeatmet wird.",risks,Waters,Micha Gattinger,2020-08-05,2020-08-27,
90,Salmonellen,,"## Allgemeines

Salmonellen sind eine Bakteriengattung der beiden Arten Samonella enterica und Salmonella Bongori. Diese kommen im Magen-Darm-Trakt vieler Haus-, Zucht- und Wildtiere vor. Infizierte Tiere können phasenweise oder andauernd Salmonellen ausscheiden. Hühnereier können auch über die Eierstöcke der Legehenne kontaminiert werden.

Syntome einer Salmonellen-Infektion sind Übelkeit, Erbrechen, Bauchschmerzen, Fieber und Durchfall.

## Vermehrung verhindern

Salmonellen überleben in der Gefriertruhe, vermehren sich ab 7 °C und können sich besonders gut auf ungekühlten Lebensmittel vermehren. Sie werden sicher abgetötet durch eine Temperatur von über 70 °C für mindestens 10 Minuten.

## Betroffene Lebensmittel

* rohe und nicht ausreichend erhitzte Fleisch- und Wurstwaren
* rohe und nicht ausreichend erhitzte Eier 
* Tee (https://www.laves.niedersachsen.de/startseite/lebensmittel/lebensmittelgruppen/getranke/-73029.html[Quelle])
* Rohmilch
* Rohmilchkäse

https://www.laves.niedersachsen.de/startseite/lebensmittel/lebensmittelgruppen/fleisch_fleischerzeugnisse/wie-koennen-salmonellen-infektionen-vermieden-werden-73960.html[Quelle]",risks,"Fresh meats
Raw egg
Boiled eggs
Teas
Herbal teas
Unpasteurised cheeses
Raw milks
Caviars",Micha Gattinger,2020-08-05,2020-08-27,TODO: Is it true that salmonella can affect boiled eggs?
91,Listerien,,"Die Spezies Listeria Nonocytogenes kann Listeriose auslösen. Listerien sind in der Umwelt bzw. der Landwirtschaft weit verbreitete Bakterien. Für gesunde Menschen sind sie meist harmlos und eine Listeriose wird oft nicht bemerkt. Für ungeborene Babys und ältere oder immungeschwächte Menschen sind Listerien gefährlich.

Listerien überleben in der Gefriertruhe und werden sicher bei einer Temperatur von über 70 °C für  mindestens 2 Minuten abgetötet.

## Betroffene Lebensmittel

Hygiene im Umgang mit diesen Lebensmittel ist hier immer wichtig. Auch bei der Zubereitung bzw. dem Verzehr auf Sauberkeit achten.

* Rohmilchkäse
* rohe Milch
* Weichkäse
* Schaf- und Ziegenkäse
* Fleisch und Fisch roh, an- und nicht durchgebraten
* kurz- bzw. schnell gereifte Rohwurstwaren
* angeschnittene Fleisch- und Wurstwaren
* ungewaschenes Obst und Gemüse
* Sprossen und Salat (vor allem wenn geschnitten oder abgepackt)

https://www.lgl.bayern.de/lebensmittel/hygiene/bakterien/listerien/[Quelle]",risks,"Meats
Unpasteurised cheeses
Raw milks
Fresh fruits
Fresh vegetables
Lettuces
Sprouts",Micha Gattinger,2020-08-05,2020-08-27,"Applies to all meat products that have been cut – which means, potentially to all meats, so placing that main category is enough."
92,Schimmel,,"Sichtbarer Schimmel entsteht durch die massive Zunahme von Schimmelpilz-Zellen auf der Oberfläche. Schimmelpilze bestehen aus:

* Einem Sporenträger, welcher der Fortpflanzung besteht und meist pelzig in verschiedenen Farben auftritt. Dieser sieht ekelig aus, ist aber nicht gefährlich.
* Vielen kleinen Fäden, den Myzellen. Diese sind mit dem Auge nicht zu sehen und können sich durch das ganze Produkt ziehen. Diese Myzellen-Fäden enthalten Gifte welche als Stoffwechselprodukte beim Wachstum des Pilzes entstehen. Diese Gifte können zu unterschiedlichen Krankheiten führen, die Entstehung von Krebs begünstigen bzw. krebserregend sein und können in entsprechenden Mengen auch unmittelbar tödlich sein.

## Optimale Bedingungen für Schimmelwachstum

* pH-Wert zwischen 4,5 und 6,5
* Kohlenhydrate (Mix aus Stärke, Zucker und Ballaststoffen)
* Proteine (Eiweiß)
* Feuchtigkeit. Schimmel benötigt Wasser zum wachsen. Je mehr Wasser im Lebensmittel, desto höher die Gefahr von Schimmelbefall.

## Tipps für den Umgang mit Schimmelpilz

* Es reicht nicht, den Pelz vom Lebensmittel wegzuwischen bzw. abzuwaschen.
* Schimmelpilze können weitere Lebensmittel „anstecken“. Daher immer befallene Lebensmittel separieren.
* Das Gift (die Mykotoxine) kann nicht durch Kochen, Braten oder Backen zerstört werden.
* Das Gift (die Mykotoxine) lässt sich mittels Schwarzlicht (UVA) sichtbar machen (1).
* Als Faustregel kann man sagen, dass ein mit Schimmel befallenes Lebensmittel mit großem Wasseranteil komplett entsorgt werden muss. Um so trockener ein Lebensmittel ist, desto weniger kann der Schimmelpilz seine unsichtbaren Myzellen-Fäden im Lebensmittel verteilen. Dann ist es ausreichend, die betroffene Stelle großzügig aus dem Lebensmittel heraus zu schneiden.
* Diese Lebensmitel müssen bei Schimmelbefall (Verfärbung, pelzige Stellen oder muffiger Geruch) weggeworfen werden:
** Nüsse, Kräuter und Gewürze
** Brot
** Trockenobst

## Quellen

. https://www.bfr.bund.de/de/presseinformation/2009/01/von_aflatoxin_bis_zearalenon___wissenschaft_macht_lebensmittel_sicher-27754.html[1]
. https://www.lgl.bayern.de/lebensmittel/chemie/schimmelpilzgifte/mutterkornalkaloide/index.htm
. https://de.wikipedia.org/wiki/Mycel
. https://www.lwk-niedersachsen.de/index.cfm/portal/6/nav/1100/article/35482.html
. https://www.wissen.de/raetsel/warum-schimmeln-brot-und-andere-lebensmittel
. https://www.svb-geith.de/Seite67.html

Liste weiterer Mykotoxine:
https://de.wikipedia.org/wiki/Mykotoxin",risks,"Fresh meats
Nuts and their products
Aromatic herbs
Spices
Breads
Dried fruits
Raw egg
Boiled eggs
Caviars
Fresh fruits
Fresh vegetables
Mushrooms
Milks
Plant milks
Cheeses
Fermented milk products",Micha Gattinger,2020-08-05,2020-08-27,"TODO: The document said to also include “Butters” here, but that seems rather far fetched?"
93,Aflatoxin,,"Aflatoxin ist ein Gift das von den Schimmelpilzen Aspergillus flavus und Aspergillus parasiticus gebildet wird. Gesundheitliche Beurteilung: Krebserregend, schädigt die Leber

Betroffene Lebensmittel sind Reis, Hirse, Sojabohnen, ölhaltige Samen wie Mohn und Sesam, Nüsse, Gewürze und getrocknete Früchte, speziell Feigen.",risks,"Rices
Millet
Soy
Papaver seeds
Sesame
Nuts
Spices
Dried fruits
Dried figs",Micha Gattinger,2020-08-05,2020-08-27,TODO: Add category “oilseeds” once that exists in Open Food Facts.
94,Ochratoxine,,"Ochratoxine sind Gifte die von den Schimmelpilzen der Gattung Aspergillus und Penicillium gebildet werden. Gesundheitliche Beurteilung: krebserzeugend und erbgutschädigend.

Unschädlich ab 169 °C.",risks,"Common wheats
Wheat flours
Barley
Barley flours
Rye
Rye flours
Oat
Oat flours
Corn
Corn flours
Buckwheat
Buckwheat flours
Millet
Millet flours
Grapes
Figs
Citrus
Coffees
Cocoa powders",Micha Gattinger,2020-08-05,2020-08-27,TODO: The original text also contained a category “Fruchtgewürzarten”. What’s that?
95,Patulin,,"Ursprung in Schimmelpilzen der Gattung Penicillium, Aspergillis. Gesundheitliche Beurteilung: Erbrechen, Verdauungsstörungen, Magenschleimhautentzündungen.

Kann durch Kochen abgebaut werden.

* faulendes Obst und Gemüse
* Brot
* Fleisch-einkochen",risks,"Fruits
Vegetables
Breads
Canned meats",Micha Gattinger,2020-08-05,2020-08-27,"TODO: Find out what “Fleisch-einkochen” in the list of affected food categories means, and add categories correspondingly."
96,Mutterkornalkaloide und Mutterkorntoxine,,"Ursprung im Schlauchpilz Claviceps purpurea. Gesundheitliche Beurteilung: Übelkeit, Kopfschmerzen, Krämpfe, Gefühllosigkeit in Armen und Beinen.

Betroffene Lebensmittel:

* Roggen
* Triticale (Kreuzung aus Roggen und Weizen)
* seltener Gerste, Weizen, Dinkel",risks,"Rye
Rye flours
Triticale
Barley
Barley flours
Common wheats
Wheat flours
Spelts
Spelt flours",Micha Gattinger,2020-08-05,2020-08-27,TODO: Add category “Spelt” once it’s added to the Open Food  Facts taxonomy.
97,Gefrierbrand,,"Gefrierbrand entsteht durch Temperaturschwankungen im eingefrorenen Zustand. Die Fläche des Gefrierbrandes taut etwas an, Wasser entweicht. Meist bilden sich dann schneeartige Eiskristalle an z.B. der Verpackung. Der Teil des vom Gefrierbrand geschädigten Lebensmittel kann ohne Bedenken gegessen werden. Bei Gefrierbrand entstehen keine giftigen Stoffe, diese Stellen schmecken aber nicht mehr. Es ist völlig ausreichend die betroffene Stelle heraus zu schneiden, da das restliche Stück in keinster Weise durch den Gefrierbrand beeinträchtigt ist (5,6)",risks,Meats,Micha Gattinger,2020-08-05,2020-08-27,
98,Verfaulen,,"Verfaulen oder Fäulnis ist eine natürliche Form der Gärung. Durch Sauerstoffmangel zersetzen Mikroorganismen Lebensmittel. Hierbei entstehen Propionsäure, Essigsäure, Ethanol, Amine, Ammoniak und Schwefelwasserstoff. Letztere sind auch für den unangenehmen Geruch verantwortlich. Neben dem Geruch sind bei eiweißreichen Lebensmittel wie z.B. Fisch oder Fleisch eine gelb- grünliche Verfärbung sowie Schleim deutliche Anzeichen für Fäulnis.

Bei z.B. Säften werden beim Verfaulen Kohlenhydrate durch wilde Hefen abgebaut. Erste Anzeichen sind Schaum auf dem Saft. Das Gas Kohlenstoffdioxid entsteht und macht den Saft prickelnd. Auch lässt sich der entstehende und im Fäulnisprozess steigende Alkoholgehalt riechen.

Ist noch kein Schimmel zu sehen, reicht es bei den meisten Lebensmittel aus die faule Stelle großflächig herauszuschneiden. Ausnahme sind sehr wasserreiche Lebensmittel wie z.B. Tomaten, Salatgurken, Pflaumen, Pfrsiche.

Druckstellen haben übrigens nichts mit dem Verfaulen zu tun. Druckstellen sind Schäden im Gewebe. Dort ist der Vitamingehalt niedriger, ansonsten sind Druckstellen unbedenklich. 

## Quellen

. https://de.wikipedia.org/wiki/F%C3%A4ulnis
. https://www.planet-wissen.de/gesellschaft/essen/frischhalten/pwiesoverderbenlebensmittel100.html#Faeulnis
. https://www.gesundheitstipp.ch/artikel/artikeldetail/angefaulte-fruechte-noch-essbar/
. https://www.gemuesehofhoerz.de/files/hoerz/05-rezepte%20und%20warenkunde/bilder%20oekokiste/Lagertipps-verband.pdf",risks,"Meats
Fishes
Fresh fruits
Fresh vegetables
Fruit and vegetable juices",Micha Gattinger,2020-08-05,2020-08-27,
99,Pökeln,,"Pökeln ist eine einfache Methode, frisches Fleisch und frischen Fisch zu konservieren. Pökeln entzieht dem Fleisch einen Teil der Flüssigkeit (freies Wasser). Dadurch wird das Bakterienwachstum gehemmt, das Fleisch verliert an Gewicht und die Fleischstruktur wird fester. Wichtig für die Haltbarkeit ist auch, den PH-Wert im Fleisch zu senken (Absäuerung).

Als Basis dient meist Pökelsalz, eine Mischung aus Speisesalz mit einer Beimischung von max. 0,5% Natriumnitrit (NaNO~2~ / E250). Die Beimischung von Natriumnitrit ermöglicht seine wirksame Konservierung gegen bestimmte Keime wie Salmonellen und Clostridium botulinum und sorgt für den Erhalt der roten Fleischfarbe. Die Beigabe von Nitrit vermindert auch das Ranzigwerden des Fettes und sorgt für das Pökelaroma (7).

Nitrit wird, richtig angewendet, während des Reife- bzw. Pökelverlaufes in Stickoxid umgewandelt. Die korrekte Dosierung des Nitritanteiles (maximal 0,5%, im Pökelsalz), die Einhaltung der Reifezeit und Hilfsstoffe wie Natriumascorbat, Ascorbinsäure bzw. Zucker beschleunigen die Umwandlung (8).

Es gibt verschiedene Arten von Pökeln:

* Trockenpökeln (erzielt mit bis zu 50% den höchsten Flüssigkeitsentzug (18))
* Nasspökeln
* Schnellpökeln

https://de.wikihow.com/Schweinefleisch-p%C3%B6keln[Anleitung zum Pökeln]",preservation,Fresh meats,Micha Gattinger,2020-08-05,2020-08-27,"TODO: In sentence “Wichtig für die Haltbarkeit ist auch, den PH-Wert im Fleisch zu senken (Absäuerung).”, clarify if this is done by curing the meat with curing salt, or if this needs other processing or additives."
100,Nitrosamine,,"Alle mit Natriumnitrit, Kaliumnitrat oder den E-Nummer von 250 bis 252 behandelte Fleischarten sollten nicht gegrillt werden da sich beim Grillen das krebserregende Nitrosamine bildet. Ein schonendes Erwärmen in einem Wasserbad ist unbedenklich.",risks,Raw cured ham,Micha Gattinger,2020-08-05,2020-08-27,TODO: Add “Cured meats” once there is such a category.
101,Einkochen,,"Einkochen ist eine schnelle und mit einfachen Mitteln umsetzbare Methode, um Obst, Gemüse und Fleisch haltbar zu machen. Einkochen bedeutet, frische Lebensmittel durch Hitzebehandlung und Luftabschluss ungekühlt lange haltbar zu machen.

## Arten des Einkochens

Grundsätzlich gibt es folgende Arten des Einkochens:

* *Pasteurisation.* Für Lebensmittel mit einem pH von weniger als 4,5 (10).
* *Dampfsterilisation.* Für Lebensmittel mit einem pH von mehr als 4,5 (11).

## pH-Werte von Lebensmitteln

Der pH-Wert von Lebensmitteln entscheidet über die Art des Einkochens. Die Angaben der pH-Werte von Lebensmittel sind oft widersprüchlich (insbesondere in Online-Quellen). Für das Einkochen ist der pH-Wert von unverdauten Lebensmitteln entscheidend. Die Tabellen in Säure-Basen-Diätratgebern sind für das Einkochen nicht geeignet, da sich auf den pH-Wert während der Verstoffwechslung im Körper beziehen (9). Alle pH-Werte sind außerdem Richtwerte, die in der Praxis schwanken können. Es empfiehlt sich daher immer, den pH-Wert mit einem pH-Meter selbst zu bestimmen.

Quellen: https://www.edu.tum.de/fileadmin/tuedz01/www/Sch%C3%BClerkonferenz/Facharbeiten_2007/sophia_betzler.pdf[1], https://www.wrigley-dental.de/images/itempics/item_407_pdf_1.pdf[2].",preservation,"Fresh meats
Raw fishes
Fresh fruits
Fresh vegetables",Micha Gattinger,2020-08-05,2020-08-27,
102,Pasteurisation,,"Pasteurisation ist für Lebensmittel mit einem pH von weniger als 4,5 geeignet (10). Bei der Pasteurisation bewegt sich die Temperatur meist im Bereich von 60 - 100 °C. Diese Art des Haltbarmachens ist insbesondere geeignet für manche Arten von Obst und Gemüse. Auch Rohmilch, Fisch und Fleisch werden in der industriellen Produktion pasteurisiert, wodurch sich allerdings nur eine recht begrenzte Haltbarkeit ergibt. Für Details vergleiche die Artikel zu den entspr. Lebensmitteln.

Siehe auch: [Einkochzeiten für Obst und Gemüse](http://www.einkochen.info/einkochzeiten/).",preservation,"Fresh fruits
Fresh vegetables",Micha Gattinger,2020-08-05,2020-08-27,"TODO: Insert internal Hyperlinks to the articles about pasteurizing milk, fish and meat, once a mechanism for such hyperlinks has been developed."
103,Ultrahocherhitzen,,"Rohmilch enthält Mikroorganismen und Keime. Gleichzeitig hat Rohmilch einen pH-Wert von 6,8. Um Lebensmittel mit einem pH-Wert von mehr also 4,5 dauerhaft haltbar zu machen, müssen diese sterilisiert werden. Bei Milch geschieht dies mittels einer Ultrahocherzitzung für 2-3 Sekunden bei 135 - 150 °C. Diese H-Milch ist auch mikrobiologisch noch lange nach dem Ablauf des Mindesthaltbarkeitsdatums genießbar, der Geschmack kann sich aber verändern. (https://de.wikipedia.org/wiki/Ultrahocherhitzung[Quelle])

In jedem Fall lohnt sich eine Überprüfung der abgelaufenen Milch bevor diese weggeworfen wird (https://de.wikihow.com/Erkennen-ob-Milch-schlecht-ist[Anleitung]).",assessment,UHT Milks,Micha Gattinger,2020-08-05,2020-08-27,
104,Pasteurisieren,,"Frischmilch ist nur pasteurisiert, was aufgrund ihres pH-Wertes von 6,8 ungünstig ist. Deshalb ist Frischmilch nur sehr kurz haltbar. Hier wird die Milch für 15 - 30 Sekunden auf 72 - 75 °C erhitzt und möglichst schnell auf max. 4,4 °C abgekühlt. Durch diese Variante kommt es zu einem minimalen Nährstoffverlust gegenüber der Rohmilch und die Milch ist für mehrere Wochen gekühlt haltbar. Wenn die Milch nicht innerhalb von 4 Stunden nach dem Erhitzen auf 4,4 °C herabgekühlt wurde, war das Pasteurisieren nicht erfolgreich und muss wiederholt werden.

In jedem Fall lohnt sich eine Überprüfung der abgelaufenen Milch bevor diese weggeworfen wird (https://de.wikihow.com/Erkennen-ob-Milch-schlecht-ist[Anleitung]).",assessment,Fresh milks,Micha Gattinger,2020-08-05,2020-08-27,
105,Pasteurisieren,,"Pasteurisieren von Milch ist aufgrund des pH-Wertes von 6,8 ungünstig aber macht Rohmilch zumindest für wenige Wochen gekühlt haltbar. Beim Pasteurisieren wird die Milch für 15 - 30 Sekunden auf 72 - 75 °C erhitzt und möglichst schnell auf max. 4,4 °C abgekühlt. Durch diese Variante kommt es nur zu einem minimalen Nährstoffverlust gegenüber der Rohmilch. Wenn die Milch nicht innerhalb von 4 Stunden nach dem Erhitzen auf 4,4 °C herabgekühlt wurde, war das Pasteurisieren nicht erfolgreich und muss wiederholt werden.

Pasteurisieren von Milch ist im Haushalt möglich: https://de.wikihow.com/Milch-pasteurisieren[Anleitung].",preservation,Raw milks,Micha Gattinger,2020-08-05,2020-08-27,
106,Haltbarkeit von kühlpflichtigen Konserven,,"Obwohl diese Lebensmittel einen pH über 4,5 besitzen, werden viele Produkte nur pasteurisiert. In Halbkonserven (s.15.1) verpackt sind diese maximal 6 Monate bei 4 Grad Lagerung haltbar. In Dreiviertelkonserven (s.15.2) maximal 12 Monate bei bis 7 Grad Lagertemperatur.",assessment,"Canned meats
Canned fishes",Micha Gattinger,2020-08-05,2020-08-27,
107,Dampfentsaften,,"Diese Art ermöglicht eine schnelle und mit wenig Ausstattung realisierbare Pasteurisierung von frischem Obst und Gemüse. Dampfentsafter für den Hausgebrauch haben einen Fruchtkorb bis max. 10 Liter. Daraus lässt sich max. 5 Liter Saft generieren. Durch die nicht übermäßige Hitze werden viele Vitamine erhalten. Praktisch ist auch, dass der Saft direkt in vorher sterilisierte Flaschen abgefüllt werden kann. Die Temperatur des Saftes darf hierfür bis 65 Grad abkühlen. Das Wasser im untersten Behälter wird auf einem Herd oder einer offenen Feuerstelle zum Kochen gebracht. Der so gewonnene Dampf gelangt durch die Erhöhung in dem mittleren Behälter in den Fruchtkorb. Der so gelöste Saft tropft in den mittleren Behälter und wird dort aufgefangen. Das System arbeitet drucklos.

Bei größeren Geräten (Fruchtkorb ab 40cm Höhe) muss mit Dampfdruck und dafür geeignete Behälter gearbeitet werden. Druckloser Dampf kann nicht mehr durch die komplette Füllmasse durchdringen. Es wird dann nicht der komplette Saft gewonnen (20).",preservation,"Fresh fruits
Fresh vegetables",Micha Gattinger,2020-08-05,2020-08-27,
108,Säfte pasteurisieren,,Erreicht der Saft 75 °C so wird nach 25 Sekunden die Keimzahl von Hefen von 10 000 koloniebildenden Einheiten pro ml auf 1000 reduziert. Der Gärprozess wird damit unterbunden. Andere Arten Keime werden bei dieser Temperatur und Zeit abgetötet (25).,preservation,"Fresh fruit juices
",Micha Gattinger,2020-08-05,2020-08-27,TODO: Add category “Fresh vegetable juices” once available in the OFF taxonomy.
109,Dampfsterilisation,,"Bei Lebensmitteln mit einem pH-Wert von mehr als 4.5 kann bei bloßem Pasteurisieren (einfaches „Einkochen“) die Gefahr einer Lebensmittelvergiftung durch den Giftstoff (Toxin) und Sporen des Bakteriums Clostridium botulinum bestehen. Für die Auskeimung der Sporen sind Temperaturen zwischen 4 und 48 °C und weniger als 2% Sauerstoffgehalt ideal, also genau die Bedingungen im eingekochten Zustand (16).

Das Toxin wird inaktiviert durch Erhitzen auf eine Kerntemperatur von 80 °C für mindestens 5 Minuten. Das Bakterium selbst und seine Sporen werden erst bei einer Kerntemperatur von 120 °C für mind. 3 Minuten abgetötet (12).

Deshalb wird hier die Sterilisation nach dem 12-D Konzept (13) durchgeführt. Geeignet sind Blechkonserven und Glasbehälter. Wichtig ist, das Füllgut 20 Minuten auf 121 °C bei 2 bar Druck zu erhitzen. Alternativ 5 Minuten auf 134 °C bei 3 Bar Druck. Besteht der Verdacht auf BSE verseuchtes Fleisch, kann für 18 Minuten bei 134 °C und 3 Bar Druck erhitzt werden, um diese Prione im Fleisch komplett abzutöten (14).

Bei der Dampfsterilisation ist es unwichtig, ob das Fleisch zu Beginn roh oder gekocht ist. Bei rohem Fleisch wird keine Flüssigkeit zusätzlich beigegeben, da das Fleisch bei der Dampfsterilisation eigene Flüssigkeit verliert, welche dann den Behälter zusätzlich füllt (17). Fleisch nie mit Mehl, Stärke oder eingedickter Sauce einkochen und auch keine Milchprodukte dazugeben!

https://de.wikihow.com/Fleisch-einkochen[Anleitung zur Dampfsterilisation von Fleisch]",preservation,Fresh meats,Micha Gattinger,2020-08-05,2020-08-27,
110,Kalträuchern,,"Kalträuchern ist ein Verfahren zur Haltbarmachung von Fleisch und Fisch, aber auch z.B. Käse. Durch die geringe Temperatur bleiben die Nährstoffe in den Lebensmitteln erhalten. Räuchertemperatur: 15 – 25 °C. Räucher- und Frichluftphasen wechseln sich ab.

Haltbarkeit: wenige Monate bei max. 12 °C.

Räucherdauer:

* Speck und Schinken:  2-3 Wochen
* Lachs: 2-3 Tage
* Leberwurst: 1-2 Tage
* Bergkäse: ca.2 Stunden
* Gänsebrust: ca. eine Woche

Quellen: https://www.chefsculinar.de/setzen-sie-ein-rauchzeichen-raeucherarten-23824.htm[1], http://www.raeucherofen-tipps.de/vorgehensweise-kaltraeuchern-warmraeuchern-heissraeuchern/[2]",preservation,"Fresh meats
Poultries
Raw fishes",Micha Gattinger,2020-08-05,2020-08-27,"TODO: Replace category “Poultries“ with “Fresh poultries”, once available in the OFF taxonomy."
111,Warmräuchern,,"Räuchertemperatur: 30 - 50 °C

Räucherdauer:

* Kassler: ca. 120 Minuten (je nach Dicke)
* Weichkäse: ca. 70 Minuten
* Bierschinken: ca. 60 - 100 Minuten

Haltbarkeit: wenige Wochen


Quellen: https://www.chefsculinar.de/setzen-sie-ein-rauchzeichen-raeucherarten-23824.htm[1], http://www.raeucherofen-tipps.de/vorgehensweise-kaltraeuchern-warmraeuchern-heissraeuchern/[2]",preservation,"Fresh meats
Poultries
Raw fishes",Micha Gattinger,2020-08-05,2020-08-27,"TODO: Replace category “Poultries“ with “Fresh poultries”, once available in the OFF taxonomy."
112,Heißräuchern,,"Heißräuchern ist bei frischem Fleisch und Fisch eine rein geschmackliche Behandlung und eignet sich nicht zur Haltbarmachung. Denn durch Temperaturen über 70 °C gerinnt das Eiweiß und so kann während des Wassers dann kaum noch Wasser entweichen.

Quellen: https://www.chefsculinar.de/setzen-sie-ein-rauchzeichen-raeucherarten-23824.htm[1], http://www.raeucherofen-tipps.de/vorgehensweise-kaltraeuchern-warmraeuchern-heissraeuchern/[2]",preservation,"Fresh meats
Poultries
Raw fishes",Micha Gattinger,2020-08-05,2020-08-27,"TODO: Replace category “Poultries“ with “Fresh poultries”, once available in the OFF taxonomy."
113,Gefriertrocknen,,"Bei diesem Verfahren der Haltbarmachung wird die https://de.wikipedia.org/wiki/Sublimation_(Phasen%C3%BCbergang)[Sublimation] von Eis in Dampf in Kombination mit Vakuum genutzt. Dieser Prozess ist sehr energie- und damit kostenintensiv. Dafür bleiben die Lebensmittel in ihrer urspünglichen Form mit allen Nährstoffen erhalten.

Wichtig ist, die Lebensmittel, welche gefriertrocknet werden sollen, zuerst in recht dünne Scheiben zu schneiden und einzufrieren. Wenn die Lebensmittel komplett durchgefroren sind, können diese in einen Druckbehälter mit einer  Temperatur von ca. +20 °C nebeneinander und mit etwas Abstand auch übereinander gelegt werden. Nachdem die Vakuumpumpe einen Druck von 6 mbar oder weniger erreicht hat, sublimiert das Eis, bedingt durch den Temperaturunterschied zwischen gefrorenen Lebensmitteln und dem warmen Druckbehälter. Bei der Sublimation wird thermische Energie aus der Umgebungstemperatur aufgenommen. Wichtig ist deshalb, die Temperatur in diesem Druckbehälter durch z.B. Sonneneinstrahlung konstant zu halten. Wären die Lebensmittel nicht tiefgefroren, würde das Wasser bei diesem Unterdruck anfangen zu kochen.

Um das von den Lebensmitteln abgegebene Wasser nicht in die Unterdruckpumpe zu bekommen wir dieser Behälter mit einem tiefgekühlten zweiten Druckbehälter fest verbunden. Der Temperaturunterschied zwischen den beiden Behältern bewirkt ein Kondensieren des Wasserdampfes an den kalten Wänden des tiefgefrorenen Behälters. Die Unterdruckpumpe saugt somit keine Feuchtigkeit an und wird geschont.

Die Gefriertrocknung ist auch ganz ohne Fremdenergie im Winter bei eisigen Temperaturen und Sonnenschein im Freien möglich. Hier einfach die gefrorenen Lebensmittelscheiben nebeneinander auf ein Gitterrost an einen luftigen Ort in die Sonne legen. Übrigens lässt sich bei solchen Wetterbedingungen auch prima https://www.geo.de/wissen/15727-rtkl-endlich-verstehen-darum-koennen-sie-ihre-waesche-auch-im-winter-draussen-trocknen[Wäsche im Freien trocknen].",preservation,"Fresh meats
Poultries
Raw fishes",Micha Gattinger,2020-08-05,2020-08-27,"TODO: Replace category “Poultries“ with “Fresh poultries”, once available in the OFF taxonomy."
114,Lufttrocknen,,"Lufttrocknen ist eine einfache und effektive Art, um jede Art von Fleisch zu konservieren. Geeignet ist rohes wie gekochtes Fleisch. Mageres Fleisch ist am Besten geeignet.

*Anleitung.* Wichtig ist, das Fett so gut wie möglich zu entfernen, denn es kann ranzig werden. Dann das Fleischstück mit Pökelsalz einreiben (25 - 30 g pro kg Fleisch). Dann an einem sonnigen, luftigen Ort an einer Schnur oder kleinere Stücke auf einer Wäschespinne aufhängen und mit einem Moskitonetz als Fliegenschutz komplett zudecken. Im Winter kann man Fleisch um Haus z.B. über einem Holzofen trocknen. Wichtig ist, dass Luft an dem Fleisch entlangstreifen kann. So werden den Fleischfasern bis zu 90% des Wassers im Gewebe entzogen. Die Trockenzeit beträgt 1 - 2 Wochen. Eine Trockentemperatur von mehr als 65 °C tötet zusätzlich Keime ab.

Das Fleisch hält sich so mindestens ein Jahr und üblicherwise 2 - 3 Jahre ohne Kühlung.

Quellen: https://www.diepresse.com/4804679[1], https://survival-kompass.de/trockenfleisch[2]",preservation,Meats,Micha Gattinger,2020-08-05,2020-08-27,
115,Lufttrocknen,,"Das Lufttrocknen ist eine der ältesten Konservierungsmethoden und einfach umsetzbar. Bedingungen hierfür sind ein luftiger, vor Regen geschützter und warmer Ort, ein Moskitonetz o.ä. gegen Fliegen und eine trockene, luftdurchlässige Unterlage bzw. eine Möglichkeit zum Aufhängen. Im Sommer ist ein https://www.hs-aalen.de/uploads/mediapool/media/file/5775/Bau_eines_D_rrobsttrockners.pdf[Solartrockner] ideal. Im Winter kann man z.B. über einem Holzofen trocknen.

Obst und Gemüse in dünne Scheiben schneiden und einzeln nebeneinander legen. So erhöht sich die Verdunstungsfläche, was die Trocknung beschleunigt. Optimale Trockentemperatur 40 °C. Temperaturen über 60 °C vermeiden, da sonst Vitamine vernichtet werden und Eiweiße gerinnen.

https://www.wir-leben-nachhaltig.at/unsere-tipps/essen-trinken/obst-und-gemuese-trocknen/[Quelle]",preservation,"Fresh fruits
Fresh vegetables",Micha Gattinger,2020-08-05,2020-08-27,
116,Dörren,,"Ein Dörrautomat oder Umluft-Backofen hat den Vorteil, dass er unabhängig von klimatischen Bedingungen eingesetzt werden kann. Ein Dörrautomat ist dabei die bessere aber auch in der Anschaffung teurere Lösung. Nachteil beim Backofen ist der hohe Energiebadarf (Stromkosten). Auch ist die Dörrtemperatur von max. 60 °C am Backofen schlecht einstellbar. Temperaturen über 60 °C vermeiden, da sonst Vitamine vernichtet werden und Eiweiße gerinnen. Beim Dörren im Backofen muss, damit die Feuchtigkeit entweichen kann, die Ofentür einen Spalt geöffnet bleiben.

## Trockenzeiten bei ca. 55 °C

* Apfelscheiben ca. 13 Std.
* Kiwischeiben ca. 16 Std.
* Mangoscheiben ca. 14 Std.
* Pflaumenhälften ca. 21 Std.
* Fleisch (Materialdicke 2 - 3 mm) ca .10 Std.

Es handelt sich um grobe Richtwerte, die je nach Materialdicke schwanken.",preservation,"Fresh fruits
Fresh vegetables
Meats",Micha Gattinger,2020-08-05,2020-08-27,
117,Haltbarkeit getrockneter Lebensmittel,,Getrocknete Lebensmittel können bei geeigneter Lagerung mehrere Jahre halten. Da getrocknete Lebensmittel jederzeit wieder Feuchtigkeit aufnehmen können ist eine trockene Lagerung besonders wichtig.,assessment,"Dried fruits
Dried vegetables
Dried meats",Micha Gattinger,2020-08-05,2020-08-27,"TODO: Add more details about what means “dry storage”.
TODO: Add a category “Dried fishes” once available in the OFF taxonomy."
118,Einlegen,,"Beim Einlegen werden Lebensmittel in einem Sud aus Essig, Salzwasser, Alkohol oder Olivenöl eingelegt. Die Sauerstofzufuhr wird somit gestoppt.

Lebensmittel mit einem pH über 4,5 sollten mit heißem Sud übergossen werden („heiß einlegen“). Dann die Einmachgläser schnell verschließen so dass ein Vakuum im Behälter entstehen kann.",preservation,,Micha Gattinger,2020-08-05,2020-08-27,TODO: Add the correct categories.
119,Fermentieren,,"Das auch „sauer einlegen“oder „Spontangärung“ genannte Verfahren ist eine der ältesten Wege, Lebensmittel zu konservieren. Fermentieren eignet sich für fast alle Obst- und Gemüsesorten, Fleisch und Fisch, Nüsse, Samen, Hülsenfrüchte und Körner sowie für Milchprodukte und funktioniert ganz ohne Fremdenergie.

Bei der Fermentierung wandeln Mikroorganismen Zucker (Kohlenhydrate) in Milchsäure um. Die für die Fermentation benötigten Zutaten befinden sich bereits im Lebensmittel. Die Zugabe von Starterkulturen beschleunigt den Vorgang, ist aber nicht nötig. Bei Lebensmitteln mit  einem natürlichem pH-Wert von über 4,5 wird dieser durch die Fermentation auf einen pH- wert von 4,0 und weniger verringert (die Beigabe der richtigen Menge Salz beachten). Das verhindert die Bildung von z.B. Clostridium botulinum.

Fertig fermentierte Lebensmittel dürfen nicht mit Metall in Verbindung kommen. Die entstandene Säure reagiert mit bestimmten Metallen und sorgt für ein Verderben der fermentierten Lebensmittel.

Quellen: https://www.dlr.rlp.de/Internet/global/themen.nsf/b81d6f06b181d7e7c1256e920051ac19/6f1f388f1edc7333c12582f300338920?OpenDocument[1], 
https://schrotundkorn.de/essen/milchsaures-wirkt-wie-ein-besen-im-darm[2]",preservation,"Fresh fruits
Fresh vegetables
Fresh meats
Raw fishes
Nuts
Seeds
Legumes
Milks",Micha Gattinger,2020-08-05,2020-08-27,"TODO: Currently, “Grains” is a synonym for “Seeds”. That is not exact, and should be made into its own independent category. After that, “Grains” should also be added to the categories of this topic."
120,Kahmschicht beim Fermentieren,,"Fermentierte Lebensmittel, welche viel Chili oder Paprika enthalten, können auf der Säureoberfläche ein graues Häutchen bilden. Diese Kahmschicht ist ungefährlich, wenn sie nicht mit den Lebensmittel in Berührung kommt, also ausreichend Lake zwischen dieser Schicht und den Lebensmittel ist.

https://nietsch.de/images/5033.pdf[Quelle]",assessment,Fermented foods,Micha Gattinger,2020-08-05,2020-08-27,TODO: Add categories of self-fermented food items.
121,Direktentsaften,,"Kalt verpresstes Obst und Gemüse erhält den Saft im Ursprung. Eine Schraub- Pack- oder Schneckenpresse gewährleistet eine maximale Saftausbeute.

Einige Steinobstfrüchte (z.B. Aprikosen, Kirschen, Pfirsiche, Äpfel, Pflaumen, Avocados, Birnen,  Nektarinen, Mangos) enthalten im Kern geringe Mengen an Blausäure. Gerade bei der mechanischen Verpressung und dem Zerkleinern können diese Stoffe in den Saft gelangen. Der Siedepunkt von Blausäure liegt bei 26 °C (24) und verflüchtigt sich beim Abkochen.",preparation,"Fresh fruits
Fresh vegetables",Micha Gattinger,2020-08-05,2020-08-27,
122,Fruchtessig,,"Aus Äpfeln bzw. Apfelresten aber auch mit anderen Obtsorten lässt sich sehr gut Essig herstellen. Der Essig eignet sich hervorragend zum Einlegen von Lebensmiteln (s. 4.5).

## Verfahren

. Zerkleinerte Apfelstücke (auch Schale und Gehäuseteile) in ein sterilisiertes Gefäß geben.
. 1 kg Äpfel in ein geeignetes Gefäß (z.B. Einmachglas) geben und 2 Esslöffel Zucker zugeben.
. Mit Wasser die Früchte gut bedecken und die Gefäßöffnung mit einem sauberen Tuch abdecken.
. Regelmäßig umrühren um Schimmelbildung zu vermeiden.
. Nach spätestens zwei Wochen sind die Früchte nach unten gesunken und der Essiggeruch ist ausgeprägt.
. Dieser Rohessig muss nun durch ein sauberes Tuch gesiebt in ein weiteres, steriles Gefäß umgefüllt  und wieder mit einem sauberen Tuch abgedeckt werden.
. Nach weiteren 4-6 Wochen ist der eigene Essig fertig.

Siehe auch: https://www.smarticular.net/apfelessig-und-anderen-fruchtessig-ganz-einfach-selbst-herstellen/[Detailierte Anleitung].",reuse_and_recycling,Fresh fruits,Micha Gattinger,2020-08-05,2020-08-27,
